{
  "model": "rf",
  "timestamp_utc": "2026-01-06T00:41:06.034968Z",
  "train_samples": 371958,
  "test_samples": 78214,
  "accuracy": 0.9945278338916307,
  "per_class": {
    "0": {
      "precision": 0.9940850785790433,
      "recall": 0.9985491726829943,
      "f1": 0.9963121251809471,
      "support": 57898
    },
    "1": {
      "precision": 0.995811727163941,
      "recall": 0.9830675329789329,
      "f1": 0.9893985930843159,
      "support": 20316
    }
  },
  "macro_avg": {
    "precision": 0.9949484028714921,
    "recall": 0.9908083528309636,
    "f1": 0.9928553591326315,
    "support": 78214
  },
  "weighted_avg": {
    "precision": 0.9945335736394005,
    "recall": 0.9945278338916307,
    "f1": 0.9945163428647996,
    "support": 78214
  },
  "confusion_matrix": {
    "tn": 57814,
    "fp": 84,
    "fn": 344,
    "tp": 19972
  }
}