{
  "model": "rf",
  "timestamp_utc": "2026-01-04T20:19:34.980880Z",
  "train_samples": 362401,
  "test_samples": 87771,
  "accuracy": 0.9947135158537558,
  "per_class": {
    "0": {
      "precision": 0.9946498912340526,
      "recall": 0.9985244643805702,
      "f1": 0.9965834118755891,
      "support": 67772
    },
    "1": {
      "precision": 0.994932860400304,
      "recall": 0.9817990899544977,
      "f1": 0.9883223435848392,
      "support": 19999
    }
  },
  "macro_avg": {
    "precision": 0.9947913758171782,
    "recall": 0.990161777167534,
    "f1": 0.9924528777302142,
    "support": 87771
  },
  "weighted_avg": {
    "precision": 0.994714366976107,
    "recall": 0.9947135158537558,
    "f1": 0.9947010919208578,
    "support": 87771
  },
  "confusion_matrix": {
    "tn": 67672,
    "fp": 100,
    "fn": 364,
    "tp": 19635
  }
}