{
  "model": "rf",
  "timestamp_utc": "2026-01-04T19:39:08.810107Z",
  "train_samples": 352154,
  "test_samples": 98019,
  "accuracy": 0.9861251390036626,
  "per_class": {
    "0": {
      "precision": 0.9836715322849593,
      "recall": 0.9988668333854329,
      "f1": 0.991210950122142,
      "support": 76776
    },
    "1": {
      "precision": 0.9956623622675376,
      "recall": 0.9400743774419809,
      "f1": 0.9670702179176756,
      "support": 21243
    }
  },
  "macro_avg": {
    "precision": 0.9896669472762485,
    "recall": 0.9694706054137069,
    "f1": 0.9791405840199088,
    "support": 98019
  },
  "weighted_avg": {
    "precision": 0.9862702243887341,
    "recall": 0.9861251390036626,
    "f1": 0.9859790912558052,
    "support": 98019
  },
  "confusion_matrix": {
    "tn": 76689,
    "fp": 87,
    "fn": 1273,
    "tp": 19970
  }
}