{
  "model": "rf",
  "timestamp_utc": "2026-01-05T16:23:31.902368Z",
  "train_samples": 371958,
  "test_samples": 78214,
  "accuracy": 0.9945789756309612,
  "per_class": {
    "0": {
      "precision": 0.994136460554371,
      "recall": 0.9985664444367681,
      "f1": 0.9963465283402554,
      "support": 57898
    },
    "1": {
      "precision": 0.9958620001994217,
      "recall": 0.9832151998424887,
      "f1": 0.9894981919056819,
      "support": 20316
    }
  },
  "macro_avg": {
    "precision": 0.9949992303768964,
    "recall": 0.9908908221396284,
    "f1": 0.9929223601229686,
    "support": 78214
  },
  "weighted_avg": {
    "precision": 0.9945846675688295,
    "recall": 0.9945789756309612,
    "f1": 0.9945676805252249,
    "support": 78214
  },
  "confusion_matrix": {
    "tn": 57815,
    "fp": 83,
    "fn": 341,
    "tp": 19975
  }
}