{
  "model": "rf",
  "timestamp_utc": "2026-01-04T22:17:42.002916Z",
  "train_samples": 362401,
  "test_samples": 87771,
  "accuracy": 0.9948160554169373,
  "per_class": {
    "0": {
      "precision": 0.9946505988683959,
      "recall": 0.9986572625863188,
      "f1": 0.9966499039148266,
      "support": 67772
    },
    "1": {
      "precision": 0.9953867991483322,
      "recall": 0.9817990899544977,
      "f1": 0.9885462555066079,
      "support": 19999
    }
  },
  "macro_avg": {
    "precision": 0.995018699008364,
    "recall": 0.9902281762704083,
    "f1": 0.9925980797107172,
    "support": 87771
  },
  "weighted_avg": {
    "precision": 0.9948183452698093,
    "recall": 0.9948160554169373,
    "f1": 0.9948034527576565,
    "support": 87771
  },
  "confusion_matrix": {
    "tn": 67681,
    "fp": 91,
    "fn": 364,
    "tp": 19635
  }
}