{
  "model": "rf",
  "timestamp_utc": "2026-01-03T22:15:29.601695Z",
  "train_samples": 352154,
  "test_samples": 98019,
  "accuracy": 0.986104734796315,
  "per_class": {
    "0": {
      "precision": 0.983906983906984,
      "recall": 0.9985933104095029,
      "f1": 0.9911957491370282,
      "support": 76776
    },
    "1": {
      "precision": 0.9946260635915808,
      "recall": 0.9409687897189662,
      "f1": 0.9670537010159652,
      "support": 21243
    }
  },
  "macro_avg": {
    "precision": 0.9892665237492824,
    "recall": 0.9697810500642345,
    "f1": 0.9791247250764967,
    "support": 98019
  },
  "weighted_avg": {
    "precision": 0.9862300581042304,
    "recall": 0.986104734796315,
    "f1": 0.9859636050809193,
    "support": 98019
  },
  "confusion_matrix": {
    "tn": 76668,
    "fp": 108,
    "fn": 1254,
    "tp": 19989
  }
}