{
  "model": "rf_calibrated",
  "timestamp_utc": "2026-01-04T19:44:42.566149Z",
  "train_samples": 352154,
  "test_samples": 98019,
  "accuracy": 0.9842275477203399,
  "per_class": {
    "0": {
      "precision": 0.9809118338958781,
      "recall": 0.9993096801083672,
      "f1": 0.9900252916279549,
      "support": 76776
    },
    "1": {
      "precision": 0.9973236378326517,
      "recall": 0.9297180247610978,
      "f1": 0.9623349412853871,
      "support": 21243
    }
  },
  "macro_avg": {
    "precision": 0.9891177358642649,
    "recall": 0.9645138524347325,
    "f1": 0.976180116456671,
    "support": 98019
  },
  "weighted_avg": {
    "precision": 0.9844686540126808,
    "recall": 0.9842275477203399,
    "f1": 0.9840241478463702,
    "support": 98019
  },
  "confusion_matrix": {
    "tn": 76723,
    "fp": 53,
    "fn": 1493,
    "tp": 19750
  }
}