{
  "model": "rf_calibrated",
  "timestamp_utc": "2026-01-04T22:18:42.063390Z",
  "train_samples": 362401,
  "test_samples": 87771,
  "accuracy": 0.9934716478107803,
  "per_class": {
    "0": {
      "precision": 0.9923075795982359,
      "recall": 0.9992917429026736,
      "f1": 0.9957874151785386,
      "support": 67772
    },
    "1": {
      "precision": 0.9975412355291466,
      "recall": 0.9737486874343717,
      "f1": 0.985501379013689,
      "support": 19999
    }
  },
  "macro_avg": {
    "precision": 0.9949244075636913,
    "recall": 0.9865202151685226,
    "f1": 0.9906443970961138,
    "support": 87771
  },
  "weighted_avg": {
    "precision": 0.9935000906208092,
    "recall": 0.9934716478107803,
    "f1": 0.9934436975809172,
    "support": 87771
  },
  "confusion_matrix": {
    "tn": 67724,
    "fp": 48,
    "fn": 525,
    "tp": 19474
  }
}