{
  "model": "rf_calibrated",
  "timestamp_utc": "2026-01-04T23:18:36.407911Z",
  "train_samples": 362401,
  "test_samples": 87771,
  "accuracy": 0.9942236046074444,
  "per_class": {
    "0": {
      "precision": 0.9933549456513767,
      "recall": 0.9992032107655079,
      "f1": 0.996270495722472,
      "support": 67772
    },
    "1": {
      "precision": 0.9972448979591837,
      "recall": 0.9773488674433721,
      "f1": 0.9871966463799591,
      "support": 19999
    }
  },
  "macro_avg": {
    "precision": 0.9952999218052803,
    "recall": 0.9882760391044401,
    "f1": 0.9917335710512155,
    "support": 87771
  },
  "weighted_avg": {
    "precision": 0.9942412880219071,
    "recall": 0.9942236046074444,
    "f1": 0.9942029801079647,
    "support": 87771
  },
  "confusion_matrix": {
    "tn": 67718,
    "fp": 54,
    "fn": 453,
    "tp": 19546
  }
}