{
  "model": "rf_calibrated",
  "timestamp_utc": "2026-01-06T00:41:57.797107Z",
  "train_samples": 371958,
  "test_samples": 78214,
  "accuracy": 0.9934282864960238,
  "per_class": {
    "0": {
      "precision": 0.9918572359173038,
      "recall": 0.9993264016028187,
      "f1": 0.9955778098974465,
      "support": 57898
    },
    "1": {
      "precision": 0.9980382293762575,
      "recall": 0.9766194132703288,
      "f1": 0.987212657975918,
      "support": 20316
    }
  },
  "macro_avg": {
    "precision": 0.9949477326467806,
    "recall": 0.9879729074365737,
    "f1": 0.9913952339366823,
    "support": 78214
  },
  "weighted_avg": {
    "precision": 0.9934627421324583,
    "recall": 0.9934282864960238,
    "f1": 0.9934049709371864,
    "support": 78214
  },
  "confusion_matrix": {
    "tn": 57859,
    "fp": 39,
    "fn": 475,
    "tp": 19841
  }
}