{
  "model": "rf_calibrated",
  "timestamp_utc": "2026-01-05T16:24:18.592240Z",
  "train_samples": 371958,
  "test_samples": 78214,
  "accuracy": 0.9933899301915258,
  "per_class": {
    "0": {
      "precision": 0.9914860813704497,
      "recall": 0.9996545649245224,
      "f1": 0.9955535678962442,
      "support": 57898
    },
    "1": {
      "precision": 0.9989918846716064,
      "recall": 0.9755365229375862,
      "f1": 0.9871248910471921,
      "support": 20316
    }
  },
  "macro_avg": {
    "precision": 0.995238983021028,
    "recall": 0.9875955439310543,
    "f1": 0.9913392294717182,
    "support": 78214
  },
  "weighted_avg": {
    "precision": 0.9934357054769563,
    "recall": 0.9933899301915258,
    "f1": 0.9933642284063147,
    "support": 78214
  },
  "confusion_matrix": {
    "tn": 57878,
    "fp": 20,
    "fn": 497,
    "tp": 19819
  }
}