{
  "model": "xgb",
  "timestamp_utc": "2026-01-06T00:42:12.515647Z",
  "train_samples": 371958,
  "test_samples": 78214,
  "accuracy": 0.99539724346025,
  "per_class": {
    "0": {
      "precision": 0.9956753962784287,
      "recall": 0.9981173788386473,
      "f1": 0.9968948920975004,
      "support": 57898
    },
    "1": {
      "precision": 0.9945970060473878,
      "recall": 0.9876452057491633,
      "f1": 0.9911089157816745,
      "support": 20316
    }
  },
  "macro_avg": {
    "precision": 0.9951362011629082,
    "recall": 0.9928812922939052,
    "f1": 0.9940019039395874,
    "support": 78214
  },
  "weighted_avg": {
    "precision": 0.9953952856085508,
    "recall": 0.99539724346025,
    "f1": 0.9953919911484079,
    "support": 78214
  },
  "confusion_matrix": {
    "tn": 57789,
    "fp": 109,
    "fn": 251,
    "tp": 20065
  }
}