{
  "model": "xgb",
  "timestamp_utc": "2026-01-05T16:24:28.706302Z",
  "train_samples": 371958,
  "test_samples": 78214,
  "accuracy": 0.9955378832434091,
  "per_class": {
    "0": {
      "precision": 0.9957957854472147,
      "recall": 0.9981864658537428,
      "f1": 0.9969896925001078,
      "support": 57898
    },
    "1": {
      "precision": 0.994796054914011,
      "recall": 0.9879897617641268,
      "f1": 0.9913812263848073,
      "support": 20316
    }
  },
  "macro_avg": {
    "precision": 0.9952959201806129,
    "recall": 0.9930881138089348,
    "f1": 0.9941854594424575,
    "support": 78214
  },
  "weighted_avg": {
    "precision": 0.9955361065468572,
    "recall": 0.9955378832434091,
    "f1": 0.9955328996292861,
    "support": 78214
  },
  "confusion_matrix": {
    "tn": 57793,
    "fp": 105,
    "fn": 244,
    "tp": 20072
  }
}