{
  "model": "xgb",
  "timestamp_utc": "2026-01-04T22:17:50.399738Z",
  "train_samples": 362401,
  "test_samples": 87771,
  "accuracy": 0.9955224390744095,
  "per_class": {
    "0": {
      "precision": 0.9962000147286251,
      "recall": 0.9980080269137697,
      "f1": 0.9971032012206358,
      "support": 67772
    },
    "1": {
      "precision": 0.9932078889112498,
      "recall": 0.9870993549677484,
      "f1": 0.9901442006269593,
      "support": 19999
    }
  },
  "macro_avg": {
    "precision": 0.9947039518199374,
    "recall": 0.9925536909407591,
    "f1": 0.9936237009237976,
    "support": 87771
  },
  "weighted_avg": {
    "precision": 0.9955182459869942,
    "recall": 0.9955224390744095,
    "f1": 0.9955175629930557,
    "support": 87771
  },
  "confusion_matrix": {
    "tn": 67637,
    "fp": 135,
    "fn": 258,
    "tp": 19741
  }
}