{
  "model": "xgb_calibrated",
  "timestamp_utc": "2026-01-05T16:35:29.085324Z",
  "train_samples": 371958,
  "test_samples": 78214,
  "accuracy": 0.9932620758431995,
  "per_class": {
    "0": {
      "precision": 0.991131200027394,
      "recall": 0.9998445542160351,
      "f1": 0.9954688104552685,
      "support": 57898
    },
    "1": {
      "precision": 0.9995456151865502,
      "recall": 0.9745028548926954,
      "f1": 0.9868653889290432,
      "support": 20316
    }
  },
  "macro_avg": {
    "precision": 0.995338407606972,
    "recall": 0.9871737045543653,
    "f1": 0.9911670996921558,
    "support": 78214
  },
  "weighted_avg": {
    "precision": 0.9933168350591455,
    "recall": 0.9932620758431995,
    "f1": 0.9932340812287004,
    "support": 78214
  },
  "confusion_matrix": {
    "tn": 57889,
    "fp": 9,
    "fn": 518,
    "tp": 19798
  }
}