{
  "model": "xgb_calibrated",
  "timestamp_utc": "2026-01-06T16:22:33.833534Z",
  "train_samples": 371958,
  "test_samples": 78214,
  "accuracy": 0.9873040632111898,
  "per_class": {
    "0": {
      "precision": 0.9831547487646249,
      "recall": 0.9999827282462261,
      "f1": 0.9914973413136736,
      "support": 57898
    },
    "1": {
      "precision": 0.9999482535575679,
      "recall": 0.9511714904508761,
      "f1": 0.9749501778461693,
      "support": 20316
    }
  },
  "macro_avg": {
    "precision": 0.9915515011610965,
    "recall": 0.9755771093485511,
    "f1": 0.9832237595799215,
    "support": 78214
  },
  "weighted_avg": {
    "precision": 0.9875168430619813,
    "recall": 0.9873040632111898,
    "f1": 0.9871992339031611,
    "support": 78214
  },
  "confusion_matrix": {
    "tn": 57897,
    "fp": 1,
    "fn": 992,
    "tp": 19324
  }
}