{
  "model": "xgb_calibrated",
  "timestamp_utc": "2026-01-04T22:00:39.018556Z",
  "train_samples": 362401,
  "test_samples": 87771,
  "accuracy": 0.9926171514509348,
  "per_class": {
    "0": {
      "precision": 0.9910745639705022,
      "recall": 0.9994392964646167,
      "f1": 0.9952393546680772,
      "support": 67772
    },
    "1": {
      "precision": 0.9980439594378957,
      "recall": 0.9694984749237462,
      "f1": 0.9835641454877492,
      "support": 19999
    }
  },
  "macro_avg": {
    "precision": 0.994559261704199,
    "recall": 0.9844688856941815,
    "f1": 0.9894017500779132,
    "support": 87771
  },
  "weighted_avg": {
    "precision": 0.9926625707147845,
    "recall": 0.9926171514509348,
    "f1": 0.9925791080217206,
    "support": 87771
  },
  "confusion_matrix": {
    "tn": 67734,
    "fp": 38,
    "fn": 610,
    "tp": 19389
  }
}