{
  "model": "xgb_calibrated",
  "timestamp_utc": "2026-01-04T22:15:36.944642Z",
  "train_samples": 362401,
  "test_samples": 87771,
  "accuracy": 0.9923664991853801,
  "per_class": {
    "0": {
      "precision": 0.9907269270147726,
      "recall": 0.9994688071770053,
      "f1": 0.9950786678614976,
      "support": 67772
    },
    "1": {
      "precision": 0.998144425545075,
      "recall": 0.9682984149207461,
      "f1": 0.982994923857868,
      "support": 19999
    }
  },
  "macro_avg": {
    "precision": 0.9944356762799238,
    "recall": 0.9838836110488757,
    "f1": 0.9890367958596828,
    "support": 87771
  },
  "weighted_avg": {
    "precision": 0.9924170359699801,
    "recall": 0.9923664991853801,
    "f1": 0.9923253347978592,
    "support": 87771
  },
  "confusion_matrix": {
    "tn": 67736,
    "fp": 36,
    "fn": 634,
    "tp": 19365
  }
}