{
  "model": "xgb_calibrated",
  "timestamp_utc": "2026-01-05T15:56:22.155629Z",
  "train_samples": 362401,
  "test_samples": 87771,
  "accuracy": 0.9938248396395165,
  "per_class": {
    "0": {
      "precision": 0.9926429639182812,
      "recall": 0.999409785752228,
      "f1": 0.9960148816963957,
      "support": 67772
    },
    "1": {
      "precision": 0.9979526027537493,
      "recall": 0.9748987449372468,
      "f1": 0.9862909753136382,
      "support": 19999
    }
  },
  "macro_avg": {
    "precision": 0.9952977833360153,
    "recall": 0.9871542653447374,
    "f1": 0.9911529285050169,
    "support": 87771
  },
  "weighted_avg": {
    "precision": 0.9938527879725876,
    "recall": 0.9938248396395165,
    "f1": 0.9937992477882852,
    "support": 87771
  },
  "confusion_matrix": {
    "tn": 67732,
    "fp": 40,
    "fn": 502,
    "tp": 19497
  }
}