{
  "model": "char_cnn",
  "timestamp_utc": "2026-01-06T16:41:29.200170Z",
  "train_samples": 371958,
  "test_samples": 78214,
  "accuracy": 0.997097706292991,
  "per_class": {
    "0": {
      "precision": 0.9975326535189882,
      "recall": 0.9985491726829943,
      "f1": 0.9980406542661086,
      "support": 57898
    },
    "1": {
      "precision": 0.9958532852840993,
      "recall": 0.9929612128371726,
      "f1": 0.9944051462795455,
      "support": 20316
    }
  },
  "macro_avg": {
    "precision": 0.9966929694015438,
    "recall": 0.9957551927600834,
    "f1": 0.996222900272827,
    "support": 78214
  },
  "weighted_avg": {
    "precision": 0.9970964394772567,
    "recall": 0.997097706292991,
    "f1": 0.9970963350872528,
    "support": 78214
  },
  "confusion_matrix": {
    "tn": 57814,
    "fp": 84,
    "fn": 143,
    "tp": 20173
  }
}