{
  "model": "logreg",
  "timestamp_utc": "2026-01-06T23:32:36.991664Z",
  "train_samples": 371958,
  "test_samples": 78214,
  "accuracy": 0.9916766819239522,
  "per_class": {
    "0": {
      "precision": 0.9944890731623046,
      "recall": 0.9942657777470725,
      "f1": 0.9943774129189951,
      "support": 57898
    },
    "1": {
      "precision": 0.98366865069605,
      "recall": 0.9842980901752314,
      "f1": 0.98398326977488,
      "support": 20316
    }
  },
  "macro_avg": {
    "precision": 0.9890788619291773,
    "recall": 0.9892819339611519,
    "f1": 0.9891803413469376,
    "support": 78214
  },
  "weighted_avg": {
    "precision": 0.9916784803934341,
    "recall": 0.9916766819239522,
    "f1": 0.991677545732611,
    "support": 78214
  },
  "confusion_matrix": {
    "tn": 57566,
    "fp": 332,
    "fn": 319,
    "tp": 19997
  }
}