{
  "model": "logreg",
  "timestamp_utc": "2026-01-04T19:40:16.996734Z",
  "train_samples": 352154,
  "test_samples": 98019,
  "accuracy": 0.9855334169905835,
  "per_class": {
    "0": {
      "precision": 0.9846672326413007,
      "recall": 0.9970563717828488,
      "f1": 0.9908230756287293,
      "support": 76776
    },
    "1": {
      "precision": 0.9888543670168171,
      "recall": 0.9438873982017606,
      "f1": 0.9658477842003853,
      "support": 21243
    }
  },
  "macro_avg": {
    "precision": 0.9867607998290588,
    "recall": 0.9704718849923046,
    "f1": 0.9783354299145572,
    "support": 98019
  },
  "weighted_avg": {
    "precision": 0.9855746821718926,
    "recall": 0.9855334169905835,
    "f1": 0.9854103483430774,
    "support": 98019
  },
  "confusion_matrix": {
    "tn": 76550,
    "fp": 226,
    "fn": 1192,
    "tp": 20051
  }
}