{
  "model": "logreg",
  "timestamp_utc": "2026-01-04T22:17:57.076532Z",
  "train_samples": 362401,
  "test_samples": 87771,
  "accuracy": 0.9932437821148216,
  "per_class": {
    "0": {
      "precision": 0.9952815582653829,
      "recall": 0.9959717877589565,
      "f1": 0.9956265533848117,
      "support": 67772
    },
    "1": {
      "precision": 0.9863171611868484,
      "recall": 0.983999199959998,
      "f1": 0.9851568171009487,
      "support": 19999
    }
  },
  "macro_avg": {
    "precision": 0.9907993597261157,
    "recall": 0.9899854938594772,
    "f1": 0.9903916852428802,
    "support": 87771
  },
  "weighted_avg": {
    "precision": 0.9932389818201606,
    "recall": 0.9932437821148216,
    "f1": 0.9932409789246714,
    "support": 87771
  },
  "confusion_matrix": {
    "tn": 67499,
    "fp": 273,
    "fn": 320,
    "tp": 19679
  }
}