{
  "model": "logreg",
  "timestamp_utc": "2026-01-03T22:16:50.222420Z",
  "train_samples": 352154,
  "test_samples": 98019,
  "accuracy": 0.9852477580877177,
  "per_class": {
    "0": {
      "precision": 0.9845120790347063,
      "recall": 0.9968479733249974,
      "f1": 0.9906416247071462,
      "support": 76776
    },
    "1": {
      "precision": 0.9880676495241852,
      "recall": 0.9433225062373488,
      "f1": 0.9651767652441962,
      "support": 21243
    }
  },
  "macro_avg": {
    "precision": 0.9862898642794458,
    "recall": 0.9700852397811731,
    "f1": 0.9779091949756712,
    "support": 98019
  },
  "weighted_avg": {
    "precision": 0.9852826539631182,
    "recall": 0.9852477580877177,
    "f1": 0.9851227966271673,
    "support": 98019
  },
  "confusion_matrix": {
    "tn": 76534,
    "fp": 242,
    "fn": 1204,
    "tp": 20039
  }
}