{
  "model": "hybrid_ensemble",
  "timestamp_utc": "2026-01-06T16:35:57.422569Z",
  "test_samples": 78214,
  "accuracy": 0.995857519114225,
  "per_class": {
    "0": {
      "precision": 0.9946559901024126,
      "recall": 0.9997754672009396,
      "f1": 0.9972091580960256,
      "support": 57898
    },
    "1": {
      "precision": 0.9993505844739734,
      "recall": 0.9846918684780469,
      "f1": 0.9919670749243814,
      "support": 20316
    }
  },
  "macro_avg": {
    "precision": 0.997003287288193,
    "recall": 0.9922336678394932,
    "f1": 0.9945881165102035,
    "support": 78214
  },
  "weighted_avg": {
    "precision": 0.9958754057984852,
    "recall": 0.995857519114225,
    "f1": 0.995847532789621,
    "support": 78214
  },
  "confusion_matrix": {
    "tn": 57885,
    "fp": 13,
    "fn": 311,
    "tp": 20005
  }
}